CREATE DATABASE  IF NOT EXISTS `trabean` /*!40100 DEFAULT CHARACTER SET utf8mb4 COLLATE utf8mb4_0900_ai_ci */ /*!80016 DEFAULT ENCRYPTION='N' */;
USE `trabean`;
-- MySQL dump 10.13  Distrib 8.0.38, for Win64 (x86_64)
--
-- Host: j11a604.p.ssafy.io    Database: trabean
-- ------------------------------------------------------
-- Server version	8.0.39

/*!40101 SET @OLD_CHARACTER_SET_CLIENT=@@CHARACTER_SET_CLIENT */;
/*!40101 SET @OLD_CHARACTER_SET_RESULTS=@@CHARACTER_SET_RESULTS */;
/*!40101 SET @OLD_COLLATION_CONNECTION=@@COLLATION_CONNECTION */;
/*!50503 SET NAMES utf8 */;
/*!40103 SET @OLD_TIME_ZONE=@@TIME_ZONE */;
/*!40103 SET TIME_ZONE='+00:00' */;
/*!40014 SET @OLD_UNIQUE_CHECKS=@@UNIQUE_CHECKS, UNIQUE_CHECKS=0 */;
/*!40014 SET @OLD_FOREIGN_KEY_CHECKS=@@FOREIGN_KEY_CHECKS, FOREIGN_KEY_CHECKS=0 */;
/*!40101 SET @OLD_SQL_MODE=@@SQL_MODE, SQL_MODE='NO_AUTO_VALUE_ON_ZERO' */;
/*!40111 SET @OLD_SQL_NOTES=@@SQL_NOTES, SQL_NOTES=0 */;

--
-- Table structure for table `accounts`
--

DROP TABLE IF EXISTS `accounts`;
/*!40101 SET @saved_cs_client     = @@character_set_client */;
/*!50503 SET character_set_client = utf8mb4 */;
CREATE TABLE `accounts` (
  `account_id` bigint NOT NULL AUTO_INCREMENT,
  `account_no` varchar(16) NOT NULL,
  `password` varchar(255) NOT NULL,
  `account_type` varchar(45) NOT NULL,
  PRIMARY KEY (`account_id`),
  UNIQUE KEY `account_no` (`account_no`)
) ENGINE=InnoDB AUTO_INCREMENT=166 DEFAULT CHARSET=utf8mb4 COLLATE=utf8mb4_0900_ai_ci;
/*!40101 SET character_set_client = @saved_cs_client */;

--
-- Dumping data for table `accounts`
--

LOCK TABLES `accounts` WRITE;
/*!40000 ALTER TABLE `accounts` DISABLE KEYS */;
INSERT INTO `accounts` VALUES (115,'0014047617810315','$2a$10$zYqnaRch6.Cj/H5Kf/bbqObk37q33EiwzAxuRMYjjCDQ.wEhIKcfu','PERSONAL'),(116,'0012453753530198','$2a$10$jwihoQt/IA5V3ehJ9fo1OOnELvMQoRSN8kzEWuT4lJV8YPTXeekDG','PERSONAL'),(117,'0019999707868114','$2a$10$ZB4EGKUJ72xAKY.uSlkwOOH5KnOJuXyZ.Ko5JzkelhW.XgcUaHLtq','DOMESTIC'),(118,'0018471821396370','$2a$10$JMkxdWCndsDFyfzB6Fp.BuPimjs6.zRAzvs7kZupzlCeJdbuMDoA2','PERSONAL'),(119,'0011815987106844','$2a$10$YNuAdbjuL7E93d9pF2KR8e3PnnOJwoDgTmEl7JHR0S4jBFAuNTcQG','PERSONAL'),(120,'0018050763381210','$2a$10$R1pSXB4ZPe1UP3TTPZDIPuM9hMg9T1kDEVUyBIO8cNVWrqxyQy/72','DOMESTIC'),(121,'0012256490710068','$2a$10$R1pSXB4ZPe1UP3TTPZDIPuM9hMg9T1kDEVUyBIO8cNVWrqxyQy/72','FOREIGN'),(122,'0010747194856291','$2a$10$gP97XOc23Rjnt9Hk43HtauJ/G.qzl67e9DvHQLXkLIOJNi0XHNLI.','DOMESTIC'),(123,'0018300228595416','$2a$10$gP97XOc23Rjnt9Hk43HtauJ/G.qzl67e9DvHQLXkLIOJNi0XHNLI.','FOREIGN'),(124,'0018084452766060','$2a$10$gP97XOc23Rjnt9Hk43HtauJ/G.qzl67e9DvHQLXkLIOJNi0XHNLI.','FOREIGN'),(125,'0011353340203647','$2a$10$gP97XOc23Rjnt9Hk43HtauJ/G.qzl67e9DvHQLXkLIOJNi0XHNLI.','FOREIGN'),(126,'0016063355786713','$2a$10$5oeOQHGreIqxeljIiXeR9uLejfGMudKGlMaEk6l3WnmfZisfgVRpO','PERSONAL'),(127,'0012844088326296','$2a$10$gP97XOc23Rjnt9Hk43HtauJ/G.qzl67e9DvHQLXkLIOJNi0XHNLI.','FOREIGN'),(128,'0019156461731269','$2a$10$mjL9XVN2afHRJ0DH4Wh.ueSkC/9lr9wzxPbrGgkEXCp8B9qqzD7D.','PERSONAL'),(129,'0015036565989903','$2a$10$eNDDHF6m9rwwYhgafg6a7eVnLKFfgfrRjAtpNT3teBAdUTF8Qjliy','DOMESTIC'),(130,'0018766251423438','$2a$10$ekaYksxcg7Eyfo/CYdgIaOaJyn52r6Yn6suUJibfj2IEWDPrnLyW2','DOMESTIC'),(131,'0017079921245655','$2a$10$eNDDHF6m9rwwYhgafg6a7eVnLKFfgfrRjAtpNT3teBAdUTF8Qjliy','FOREIGN'),(132,'0012058840902222','$2a$10$ijM4D6oIm/kAWH7prnA2uO8ZAlznvXVBAtmGVxvNkyaVNmq2R0j8i','PERSONAL'),(133,'0015513907200830','123456','PERSONAL'),(134,'0013666560552807','$2a$10$V5z4UYAdWBZsq/7bXp/q/OJmrBY1BlwOTZQwvsaOrLb4ykY74/nPq','PERSONAL'),(135,'0012244465284787','$2a$10$J634tI.R.QVTByN3EzMUzuGBk/eL3ICeXUkWlF0mOz110TK/Rh7LO','PERSONAL'),(136,'0015310356938341','$2a$10$j.Nvn.yy0mcRVEepCJzaz.sGo0kVQ0Gnij/DtNXERm/Xua./3Xq9K','PERSONAL'),(137,'0010007282190100','$2a$10$8rNVbU2mn7/3WBEjFNrtUe/TJIhi4P8oGj5Og0KPulsV8UCABVGvC','PERSONAL'),(138,'0016474115512510','$2a$10$NXeHds24neXsRBe5OP1joeJZnSiTxdiIBM78S5kDApA2jZ47.TRaq','DOMESTIC'),(139,'0012640108389972','$2a$10$NXeHds24neXsRBe5OP1joeJZnSiTxdiIBM78S5kDApA2jZ47.TRaq','FOREIGN'),(140,'0017876950512108','$2a$10$NXeHds24neXsRBe5OP1joeJZnSiTxdiIBM78S5kDApA2jZ47.TRaq','FOREIGN'),(141,'0012544706226471','$2a$10$YTNLnvwLty4zhKfBvOpZjOVo4dS0h1WLNKIsNOyIO6HkzvlnLjYPO','PERSONAL'),(142,'9991826252470842','$2a$10$nM70A55hlCg6Qo9MrCc7PeusWMSIPtD2tgJM7dFVt8LrP9h6BM77S','PERSONAL'),(143,'9994913839880088','$2a$10$GtL2qDiFN7VsPU9.dMDe7eAcRwg.K6/5d1T4.RLwp3wjIuS1BoweW','DOMESTIC'),(144,'9992598605046395','$2a$10$AcCgCv35lStR2e3w/y1Wlu0VrML8GWtJ4F94nAhFqXM4pqFkbfEwy','DOMESTIC'),(145,'9996861429659274','$2a$10$dQIb5UG4YX85iRI3We3AzuDcZ8YiLfP99mk.WjL7gE94.Qdzut2Sa','DOMESTIC'),(146,'9997530170381879','$2a$10$KSfQGZI/LNIJw4awVjaoL.l0kQqbWc0UR78uEntKyQg8k1Ja9YPDq','PERSONAL'),(147,'9991778134417850','$2a$10$lY.Y/vgjSHr47Bi1Dc7OoevA7YQG7gVIkyMZk753NG28fpRZJHXXq','PERSONAL'),(148,'9998554767430368','$2a$10$mh3br0m52qGxEGd5zfqsvuQ1YR3Osj8FjE5jjxaz.bHEbNJpxOY4a','PERSONAL'),(149,'9994886204521304','$2a$10$p3E4xSVB0UweR19TKnE9fuDmsvxle6boWkYzplUKM2aiU3QP9iKsO','DOMESTIC'),(150,'9995503893987764','$2a$10$p3E4xSVB0UweR19TKnE9fuDmsvxle6boWkYzplUKM2aiU3QP9iKsO','FOREIGN'),(151,'9992258214172621','$2a$10$p3E4xSVB0UweR19TKnE9fuDmsvxle6boWkYzplUKM2aiU3QP9iKsO','FOREIGN'),(152,'9998326365354805','$2a$10$p3E4xSVB0UweR19TKnE9fuDmsvxle6boWkYzplUKM2aiU3QP9iKsO','FOREIGN'),(153,'9992081177870130','$2a$10$Wfbl913W85fr0WJh.7xGquW5KzlSDgXxobDlfJjxlEHKgJqMwTmNy','DOMESTIC'),(154,'9994806659222056','$2a$10$fplgbSv9MjtgTFoP15xzi.B.oo6HtbleFIWOOsl0Dnbj/nvGh9UCi','DOMESTIC'),(155,'9993747688254578','$2a$10$cy3VQxRp4REoDOivXxXdxeXtaYEwlwPK2AxQAp2RD..2V6NJtUj7S','PERSONAL'),(156,'9995402267413778','$2a$10$NXeHds24neXsRBe5OP1joeJZnSiTxdiIBM78S5kDApA2jZ47.TRaq','FOREIGN'),(157,'9999162481638884','$2a$10$B9v2U4kX8WLiHAl6bHZSMeeXJSWI6LIgpxNWZUC0PDCxa90OWgtd6','DOMESTIC'),(158,'9991992034525009','$2a$10$NXeHds24neXsRBe5OP1joeJZnSiTxdiIBM78S5kDApA2jZ47.TRaq','FOREIGN'),(159,'9997057669066822','$2a$10$aYn2TN/LLA9KLcpCpyrUC.em0UBQH8FotS70L/zjLGqJYZdyssTam','PERSONAL'),(160,'9997352885974161','$2a$10$gdQEwwj/Vw1otNR6WhgVFeBYHqAOIhE7ggIWKu6DqkCdoibT8kXFa','PERSONAL'),(161,'9995623161397496','$2a$10$1Qi3win0SGp8ReYvajwbm.CzBaJlFwL6e3.Hd45j3z5oLXFwGs/a6','DOMESTIC'),(162,'9999388058011960','$2a$10$1Qi3win0SGp8ReYvajwbm.CzBaJlFwL6e3.Hd45j3z5oLXFwGs/a6','FOREIGN'),(163,'9999458272732166','$2a$10$1Qi3win0SGp8ReYvajwbm.CzBaJlFwL6e3.Hd45j3z5oLXFwGs/a6','FOREIGN'),(164,'9995916929482927','$2a$10$1Qi3win0SGp8ReYvajwbm.CzBaJlFwL6e3.Hd45j3z5oLXFwGs/a6','FOREIGN'),(165,'9992175734538614','$2a$10$.snae/jT/Fne9UUwZWt1iu/UCbHwphE4L.yuoOVheqlE/Nx.PQpG6','PERSONAL');
/*!40000 ALTER TABLE `accounts` ENABLE KEYS */;
UNLOCK TABLES;

--
-- Table structure for table `foreign_travel_accounts`
--

DROP TABLE IF EXISTS `foreign_travel_accounts`;
/*!40101 SET @saved_cs_client     = @@character_set_client */;
/*!50503 SET character_set_client = utf8mb4 */;
CREATE TABLE `foreign_travel_accounts` (
  `account_id` bigint NOT NULL AUTO_INCREMENT,
  `exchange_currency` varchar(5) NOT NULL,
  `parent_account_id` bigint NOT NULL,
  PRIMARY KEY (`account_id`),
  KEY `parent_account_id` (`parent_account_id`),
  CONSTRAINT `foreign_travel_accounts_ibfk_1` FOREIGN KEY (`account_id`) REFERENCES `accounts` (`account_id`),
  CONSTRAINT `foreign_travel_accounts_ibfk_2` FOREIGN KEY (`parent_account_id`) REFERENCES `krw_travel_accounts` (`account_id`)
) ENGINE=InnoDB AUTO_INCREMENT=165 DEFAULT CHARSET=utf8mb4 COLLATE=utf8mb4_0900_ai_ci;
/*!40101 SET character_set_client = @saved_cs_client */;

--
-- Dumping data for table `foreign_travel_accounts`
--

LOCK TABLES `foreign_travel_accounts` WRITE;
/*!40000 ALTER TABLE `foreign_travel_accounts` DISABLE KEYS */;
INSERT INTO `foreign_travel_accounts` VALUES (121,'GBP',120),(123,'USD',122),(124,'USD',122),(125,'JPY',122),(127,'CHF',122),(131,'JPY',129),(139,'JPY',138),(140,'USD',138),(150,'JPY',149),(151,'USD',149),(152,'EUR',149),(156,'CNY',138),(158,'EUR',138),(162,'USD',161),(163,'CAD',161),(164,'EUR',161);
/*!40000 ALTER TABLE `foreign_travel_accounts` ENABLE KEYS */;
UNLOCK TABLES;

--
-- Table structure for table `invitations`
--

DROP TABLE IF EXISTS `invitations`;
/*!40101 SET @saved_cs_client     = @@character_set_client */;
/*!50503 SET character_set_client = utf8mb4 */;
CREATE TABLE `invitations` (
  `invitation_id` bigint NOT NULL AUTO_INCREMENT,
  `email` varchar(100) NOT NULL,
  `is_accepted` tinyint(1) NOT NULL DEFAULT '0',
  `account_id` bigint NOT NULL,
  `invite_date` timestamp NOT NULL,
  `created_on` datetime(6) DEFAULT NULL,
  PRIMARY KEY (`invitation_id`),
  KEY `account_id` (`account_id`),
  CONSTRAINT `invitations_ibfk_1` FOREIGN KEY (`account_id`) REFERENCES `krw_travel_accounts` (`account_id`)
) ENGINE=InnoDB AUTO_INCREMENT=25 DEFAULT CHARSET=utf8mb4 COLLATE=utf8mb4_0900_ai_ci;
/*!40101 SET character_set_client = @saved_cs_client */;

--
-- Dumping data for table `invitations`
--

LOCK TABLES `invitations` WRITE;
/*!40000 ALTER TABLE `invitations` DISABLE KEYS */;
INSERT INTO `invitations` VALUES (2,'testtest@gmail.com',0,117,'2024-10-07 16:24:04',NULL),(3,'minchae@naver.com',1,117,'2024-10-07 16:25:05',NULL),(4,'test1@daum.net',0,117,'2024-10-08 10:58:06',NULL),(5,'testtesttest5@ssafy.com',0,117,'2024-10-08 10:59:33',NULL),(9,'rlaalsco@daum.net',1,138,'2024-10-09 20:56:27',NULL),(10,'rlaclrlacl@naver.com',1,138,'2024-10-09 20:56:41',NULL),(11,'test1@daum.net',1,138,'2024-10-09 20:56:59',NULL),(12,'rlalsco@daum.net',0,143,'2024-10-10 13:31:58',NULL),(13,'rlaalsco@daum.net',1,143,'2024-10-10 13:44:10',NULL),(15,'rlaalscotest@daum.net',1,149,'2024-10-10 16:31:57',NULL),(16,'rlaalscotest@daum.net',0,153,'2024-10-10 16:46:11',NULL),(18,'seoh7dev@gmail.com',0,138,'2024-10-10 17:06:08',NULL),(19,'abcd2@naver.com',0,157,'2024-10-10 20:49:48',NULL),(20,'abcd2@naver.com',0,157,'2024-10-10 20:49:50',NULL),(21,'qwera1997@naver.com',1,161,'2024-10-10 20:59:20',NULL),(22,'suhhe@naver.com',1,161,'2024-10-10 21:04:45',NULL),(23,'qkrtprjs456@gmail.com',1,161,'2024-10-10 21:04:52',NULL),(24,'rladlstlf4@gmail.com',1,161,'2024-10-10 21:12:27',NULL);
/*!40000 ALTER TABLE `invitations` ENABLE KEYS */;
UNLOCK TABLES;

--
-- Table structure for table `krw_travel_accounts`
--

DROP TABLE IF EXISTS `krw_travel_accounts`;
/*!40101 SET @saved_cs_client     = @@character_set_client */;
/*!50503 SET character_set_client = utf8mb4 */;
CREATE TABLE `krw_travel_accounts` (
  `account_id` bigint NOT NULL AUTO_INCREMENT,
  `account_name` varchar(20) NOT NULL,
  `target_amount` bigint NOT NULL,
  PRIMARY KEY (`account_id`),
  CONSTRAINT `krw_travel_accounts_ibfk_1` FOREIGN KEY (`account_id`) REFERENCES `accounts` (`account_id`)
) ENGINE=InnoDB AUTO_INCREMENT=162 DEFAULT CHARSET=utf8mb4 COLLATE=utf8mb4_0900_ai_ci;
/*!40101 SET character_set_client = @saved_cs_client */;

--
-- Dumping data for table `krw_travel_accounts`
--

LOCK TABLES `krw_travel_accounts` WRITE;
/*!40000 ALTER TABLE `krw_travel_accounts` DISABLE KEYS */;
INSERT INTO `krw_travel_accounts` VALUES (117,'여행통장!!',700000),(120,'함께해요 Trabean통장!',123),(122,'A604와 함께하는 세계여행!!',600000),(129,'차은우랑 세계여행 가보자',1000000),(130,'김치치즈돈까스',30000),(138,'여행이 조아',1000000),(143,'싸피에서 떠나는 유럽여행',7000000),(144,'여행을떠나요',1000000),(145,'미국 여행 가즈아~~',123244),(149,'프랑스가 제일 좋아2',3000000),(153,'김치',10),(154,'여행가자',1000000),(157,'여행ㅎ여행ㅎㅎ',1000000),(161,'A604와 세계여행',1000000);
/*!40000 ALTER TABLE `krw_travel_accounts` ENABLE KEYS */;
UNLOCK TABLES;

--
-- Table structure for table `merchants`
--

DROP TABLE IF EXISTS `merchants`;
/*!40101 SET @saved_cs_client     = @@character_set_client */;
/*!50503 SET character_set_client = utf8mb4 */;
CREATE TABLE `merchants` (
  `merchant_id` bigint NOT NULL AUTO_INCREMENT,
  `account_no` varchar(16) NOT NULL,
  `name` varchar(20) NOT NULL,
  `category` enum('TRANSPORTATION','FOOD','SHOPPING','ACCOMMODATION','ACTIVITY','OTHER') NOT NULL,
  `exchange_currency` varchar(5) NOT NULL,
  PRIMARY KEY (`merchant_id`)
) ENGINE=InnoDB AUTO_INCREMENT=22 DEFAULT CHARSET=utf8mb4 COLLATE=utf8mb4_0900_ai_ci;
/*!40101 SET character_set_client = @saved_cs_client */;

--
-- Dumping data for table `merchants`
--

LOCK TABLES `merchants` WRITE;
/*!40000 ALTER TABLE `merchants` DISABLE KEYS */;
INSERT INTO `merchants` VALUES (11,'11111111','선덕칼국수','FOOD','KRW'),(12,'11111111','대한항공','TRANSPORTATION','KRW'),(13,'11111111','유니클로','SHOPPING','JPY'),(14,'11111111','FIVE GUYS','FOOD','USD'),(15,'11111111','Paradise Hotel','ACCOMMODATION','EUR'),(16,'11111111','뮤지컬 Les Miserables','ACTIVITY','GBP'),(17,'11111111','E-sim PhoneBox','OTHER','CAD'),(18,'11111111','이탈리아 남부투어','ACTIVITY','EUR'),(19,'11111111','이지젯','TRANSPORTATION','GBP'),(20,'11111111','뉴욕 한인 민박','ACCOMMODATION','USD'),(21,'11111111','세븐일레븐','FOOD','JPY');
/*!40000 ALTER TABLE `merchants` ENABLE KEYS */;
UNLOCK TABLES;

--
-- Table structure for table `notifications`
--

DROP TABLE IF EXISTS `notifications`;
/*!40101 SET @saved_cs_client     = @@character_set_client */;
/*!50503 SET character_set_client = utf8mb4 */;
CREATE TABLE `notifications` (
  `notification_id` bigint NOT NULL AUTO_INCREMENT,
  `sender_id` bigint NOT NULL,
  `receiver_id` bigint NOT NULL,
  `create_time` timestamp NOT NULL,
  `is_read` tinyint(1) NOT NULL DEFAULT '0',
  `amount` bigint DEFAULT '0',
  `account_id` bigint NOT NULL,
  `notification_type` enum('DEPOSIT','INVITE','PAYMENT','WITHDRAW','AUTH') NOT NULL,
  PRIMARY KEY (`notification_id`),
  KEY `sender_id` (`sender_id`),
  KEY `receiver_id` (`receiver_id`),
  KEY `account_id` (`account_id`),
  CONSTRAINT `notifications_ibfk_1` FOREIGN KEY (`sender_id`) REFERENCES `users` (`user_id`),
  CONSTRAINT `notifications_ibfk_2` FOREIGN KEY (`receiver_id`) REFERENCES `users` (`user_id`),
  CONSTRAINT `notifications_ibfk_3` FOREIGN KEY (`account_id`) REFERENCES `accounts` (`account_id`)
) ENGINE=InnoDB AUTO_INCREMENT=214 DEFAULT CHARSET=utf8mb4 COLLATE=utf8mb4_0900_ai_ci;
/*!40101 SET character_set_client = @saved_cs_client */;

--
-- Dumping data for table `notifications`
--

LOCK TABLES `notifications` WRITE;
/*!40000 ALTER TABLE `notifications` DISABLE KEYS */;
INSERT INTO `notifications` VALUES (1,29,29,'2024-10-07 14:39:56',1,3000,115,'PAYMENT'),(2,29,30,'2024-10-07 14:39:56',0,3000,115,'PAYMENT'),(3,29,31,'2024-10-07 14:39:56',0,3000,115,'PAYMENT'),(4,29,29,'2024-10-07 14:40:44',0,3000,115,'PAYMENT'),(5,29,30,'2024-10-07 14:40:44',0,3000,115,'PAYMENT'),(6,29,31,'2024-10-07 14:40:44',0,3000,115,'PAYMENT'),(8,31,31,'2024-10-08 10:56:57',0,1000,117,'PAYMENT'),(10,31,29,'2024-10-08 10:58:05',0,NULL,117,'INVITE'),(12,31,31,'2024-10-08 10:59:33',0,NULL,117,'INVITE'),(13,-1,31,'2024-10-08 11:35:45',0,1,115,'DEPOSIT'),(14,29,30,'2024-10-08 13:00:12',0,NULL,117,'DEPOSIT'),(15,29,31,'2024-10-08 13:00:12',0,NULL,117,'DEPOSIT'),(16,-1,31,'2024-10-08 13:27:51',0,1294,115,'AUTH'),(17,-1,31,'2024-10-08 13:39:06',0,1069,115,'AUTH'),(18,31,31,'2024-10-08 13:55:21',0,8000,117,'PAYMENT'),(19,31,30,'2024-10-08 13:55:21',0,8000,117,'PAYMENT'),(20,-1,31,'2024-10-08 14:03:14',1,772,115,'AUTH'),(21,-1,35,'2024-10-08 17:11:40',0,9593,128,'AUTH'),(22,-1,31,'2024-10-08 17:52:34',1,9977,115,'AUTH'),(23,-1,35,'2024-10-09 17:16:16',0,4995,129,'AUTH'),(24,-1,35,'2024-10-09 19:47:45',0,4822,128,'AUTH'),(25,-1,40,'2024-10-09 20:10:04',0,1932,133,'AUTH'),(26,-1,41,'2024-10-09 20:51:01',1,3350,134,'AUTH'),(27,-1,41,'2024-10-09 20:51:37',1,9885,134,'AUTH'),(28,-1,41,'2024-10-09 20:53:01',1,7307,134,'AUTH'),(29,41,43,'2024-10-09 20:56:27',0,NULL,138,'INVITE'),(30,41,44,'2024-10-09 20:56:41',0,NULL,138,'INVITE'),(31,41,29,'2024-10-09 20:56:59',0,NULL,138,'INVITE'),(32,43,41,'2024-10-09 21:23:16',1,8000,138,'PAYMENT'),(33,43,43,'2024-10-09 21:23:16',0,8000,138,'PAYMENT'),(34,43,29,'2024-10-09 21:23:16',0,8000,138,'PAYMENT'),(35,43,44,'2024-10-09 21:23:16',0,8000,138,'PAYMENT'),(36,-1,41,'2024-10-09 21:37:21',1,2537,134,'AUTH'),(37,43,41,'2024-10-10 09:46:31',1,1300,138,'PAYMENT'),(38,43,43,'2024-10-10 09:46:31',0,1300,138,'PAYMENT'),(39,43,29,'2024-10-10 09:46:31',0,1300,138,'PAYMENT'),(40,43,44,'2024-10-10 09:46:31',0,1300,138,'PAYMENT'),(41,35,35,'2024-10-10 10:07:37',0,8000,129,'PAYMENT'),(42,35,31,'2024-10-10 10:07:37',1,8000,129,'PAYMENT'),(43,35,30,'2024-10-10 10:07:37',0,8000,129,'PAYMENT'),(44,35,33,'2024-10-10 10:07:37',0,8000,129,'PAYMENT'),(45,35,29,'2024-10-10 10:07:37',0,8000,129,'PAYMENT'),(46,43,41,'2024-10-10 10:45:51',1,8000,138,'PAYMENT'),(47,43,43,'2024-10-10 10:45:51',0,8000,138,'PAYMENT'),(48,43,29,'2024-10-10 10:45:51',0,8000,138,'PAYMENT'),(49,43,44,'2024-10-10 10:45:51',0,8000,138,'PAYMENT'),(50,44,32,'2024-10-10 10:45:51',0,8000,138,'PAYMENT'),(51,-1,49,'2024-10-10 13:29:41',0,4093,142,'AUTH'),(52,49,43,'2024-10-10 13:44:10',0,NULL,143,'INVITE'),(53,49,43,'2024-10-10 13:44:13',0,NULL,143,'INVITE'),(54,-1,41,'2024-10-10 14:02:21',1,5864,134,'AUTH'),(55,-1,40,'2024-10-10 14:06:59',0,1367,133,'AUTH'),(56,-1,40,'2024-10-10 14:07:34',0,5769,133,'AUTH'),(57,-1,40,'2024-10-10 14:07:49',0,7352,133,'AUTH'),(58,-1,40,'2024-10-10 14:26:47',0,2717,133,'AUTH'),(59,-1,40,'2024-10-10 14:27:03',0,5672,133,'AUTH'),(60,-1,40,'2024-10-10 14:27:20',0,3765,133,'AUTH'),(61,-1,40,'2024-10-10 14:29:16',0,3077,133,'AUTH'),(62,-1,40,'2024-10-10 15:06:19',0,579,133,'AUTH'),(63,-1,41,'2024-10-10 15:08:53',1,7976,141,'AUTH'),(64,43,41,'2024-10-10 15:14:33',1,9830,138,'PAYMENT'),(65,43,43,'2024-10-10 15:14:33',0,9830,138,'PAYMENT'),(66,43,29,'2024-10-10 15:14:33',0,9830,138,'PAYMENT'),(67,43,44,'2024-10-10 15:14:33',0,9830,138,'PAYMENT'),(68,35,35,'2024-10-10 15:15:36',0,9830,129,'PAYMENT'),(69,35,31,'2024-10-10 15:15:36',0,9830,129,'PAYMENT'),(70,35,30,'2024-10-10 15:15:36',0,9830,129,'PAYMENT'),(71,35,33,'2024-10-10 15:15:36',0,9830,129,'PAYMENT'),(72,35,29,'2024-10-10 15:15:36',0,9830,129,'PAYMENT'),(73,-1,40,'2024-10-10 15:19:53',0,1214,133,'AUTH'),(74,35,35,'2024-10-10 15:29:21',0,34136,129,'PAYMENT'),(75,35,31,'2024-10-10 15:29:21',0,34136,129,'PAYMENT'),(76,35,30,'2024-10-10 15:29:21',0,34136,129,'PAYMENT'),(77,35,33,'2024-10-10 15:29:21',0,34136,129,'PAYMENT'),(78,35,29,'2024-10-10 15:29:21',0,34136,129,'PAYMENT'),(79,35,35,'2024-10-10 15:36:31',0,378,131,'PAYMENT'),(80,35,31,'2024-10-10 15:36:31',0,378,131,'PAYMENT'),(81,35,30,'2024-10-10 15:36:31',0,378,131,'PAYMENT'),(82,35,33,'2024-10-10 15:36:31',0,378,131,'PAYMENT'),(83,35,29,'2024-10-10 15:36:31',0,378,131,'PAYMENT'),(84,41,43,'2024-10-10 15:45:54',0,NULL,138,'DEPOSIT'),(87,41,43,'2024-10-10 15:47:19',0,NULL,138,'DEPOSIT'),(88,-1,40,'2024-10-10 15:51:46',0,4330,133,'AUTH'),(89,-1,40,'2024-10-10 16:06:43',0,8603,133,'AUTH'),(90,-1,40,'2024-10-10 16:08:14',0,7717,133,'AUTH'),(91,43,41,'2024-10-10 16:17:46',1,378,139,'PAYMENT'),(92,43,43,'2024-10-10 16:17:46',0,378,139,'PAYMENT'),(93,43,29,'2024-10-10 16:17:46',0,378,139,'PAYMENT'),(94,43,44,'2024-10-10 16:17:46',0,378,139,'PAYMENT'),(95,-1,50,'2024-10-10 16:30:16',0,2675,146,'AUTH'),(96,50,50,'2024-10-10 16:36:44',1,8000,149,'PAYMENT'),(97,50,51,'2024-10-10 16:36:44',0,8000,149,'PAYMENT'),(98,50,50,'2024-10-10 16:39:08',1,9830,149,'PAYMENT'),(99,50,51,'2024-10-10 16:39:08',0,9830,149,'PAYMENT'),(100,-1,50,'2024-10-10 16:44:48',0,2865,146,'AUTH'),(101,-1,41,'2024-10-10 17:09:56',0,8527,134,'AUTH'),(102,-1,41,'2024-10-10 17:11:10',0,4835,134,'AUTH'),(103,41,41,'2024-10-10 17:31:57',0,NULL,138,'DEPOSIT'),(104,41,43,'2024-10-10 17:31:57',0,NULL,138,'DEPOSIT'),(105,41,44,'2024-10-10 17:31:57',0,NULL,138,'DEPOSIT'),(106,50,50,'2024-10-10 17:33:32',0,480,152,'PAYMENT'),(107,50,51,'2024-10-10 17:33:32',0,480,152,'PAYMENT'),(108,50,50,'2024-10-10 17:35:33',0,480,152,'PAYMENT'),(109,50,51,'2024-10-10 17:35:33',0,480,152,'PAYMENT'),(110,50,50,'2024-10-10 17:35:54',0,480,152,'PAYMENT'),(111,50,51,'2024-10-10 17:35:54',0,480,152,'PAYMENT'),(112,35,35,'2024-10-10 17:58:10',0,58982,129,'PAYMENT'),(113,35,31,'2024-10-10 17:58:10',0,58982,129,'PAYMENT'),(114,35,30,'2024-10-10 17:58:10',0,58982,129,'PAYMENT'),(115,35,33,'2024-10-10 17:58:10',0,58982,129,'PAYMENT'),(116,35,29,'2024-10-10 17:58:10',0,58982,129,'PAYMENT'),(117,35,35,'2024-10-10 18:18:04',0,58982,129,'PAYMENT'),(118,35,31,'2024-10-10 18:18:04',0,58982,129,'PAYMENT'),(119,35,30,'2024-10-10 18:18:04',0,58982,129,'PAYMENT'),(120,35,33,'2024-10-10 18:18:04',0,58982,129,'PAYMENT'),(121,35,29,'2024-10-10 18:18:04',0,58982,129,'PAYMENT'),(122,41,41,'2024-10-10 18:19:26',0,378,139,'PAYMENT'),(123,41,43,'2024-10-10 18:19:26',0,378,139,'PAYMENT'),(124,41,29,'2024-10-10 18:19:26',0,378,139,'PAYMENT'),(125,41,44,'2024-10-10 18:19:26',0,378,139,'PAYMENT'),(126,41,41,'2024-10-10 18:21:16',0,378,139,'PAYMENT'),(127,41,43,'2024-10-10 18:21:16',0,378,139,'PAYMENT'),(128,41,29,'2024-10-10 18:21:16',0,378,139,'PAYMENT'),(129,41,44,'2024-10-10 18:21:16',0,378,139,'PAYMENT'),(130,41,41,'2024-10-10 18:22:05',0,378,139,'PAYMENT'),(131,41,43,'2024-10-10 18:22:05',0,378,139,'PAYMENT'),(132,41,29,'2024-10-10 18:22:05',0,378,139,'PAYMENT'),(133,41,44,'2024-10-10 18:22:05',0,378,139,'PAYMENT'),(134,41,41,'2024-10-10 18:25:25',0,8000,138,'PAYMENT'),(135,41,43,'2024-10-10 18:25:25',0,8000,138,'PAYMENT'),(136,41,29,'2024-10-10 18:25:25',0,8000,138,'PAYMENT'),(137,41,44,'2024-10-10 18:25:25',0,8000,138,'PAYMENT'),(138,43,41,'2024-10-10 20:19:37',0,9830,138,'PAYMENT'),(139,43,43,'2024-10-10 20:19:37',0,9830,138,'PAYMENT'),(140,43,29,'2024-10-10 20:19:37',0,9830,138,'PAYMENT'),(141,43,44,'2024-10-10 20:19:37',0,9830,138,'PAYMENT'),(142,43,41,'2024-10-10 20:33:57',0,100367,138,'PAYMENT'),(143,43,43,'2024-10-10 20:33:57',0,100367,138,'PAYMENT'),(144,43,29,'2024-10-10 20:33:57',0,100367,138,'PAYMENT'),(145,43,44,'2024-10-10 20:33:57',0,100367,138,'PAYMENT'),(146,-1,43,'2024-10-10 20:47:17',0,4628,135,'AUTH'),(147,43,33,'2024-10-10 20:49:48',0,NULL,157,'INVITE'),(148,43,33,'2024-10-10 20:49:50',0,NULL,157,'INVITE'),(149,-1,52,'2024-10-10 20:56:13',1,2867,160,'AUTH'),(150,52,53,'2024-10-10 20:59:20',0,NULL,161,'INVITE'),(151,41,41,'2024-10-10 21:00:47',0,NULL,138,'DEPOSIT'),(152,41,43,'2024-10-10 21:00:47',0,NULL,138,'DEPOSIT'),(153,41,44,'2024-10-10 21:00:47',0,NULL,138,'DEPOSIT'),(154,52,55,'2024-10-10 21:04:45',1,NULL,161,'INVITE'),(155,52,54,'2024-10-10 21:04:52',0,NULL,161,'INVITE'),(156,55,52,'2024-10-10 21:12:14',0,8000,161,'PAYMENT'),(157,55,53,'2024-10-10 21:12:14',0,8000,161,'PAYMENT'),(158,55,55,'2024-10-10 21:12:14',1,8000,161,'PAYMENT'),(159,55,54,'2024-10-10 21:12:14',0,8000,161,'PAYMENT'),(160,52,56,'2024-10-10 21:12:27',0,NULL,161,'INVITE'),(161,53,52,'2024-10-10 21:12:52',0,8000,161,'PAYMENT'),(162,53,53,'2024-10-10 21:12:52',0,8000,161,'PAYMENT'),(163,53,55,'2024-10-10 21:12:52',1,8000,161,'PAYMENT'),(164,53,54,'2024-10-10 21:12:52',0,8000,161,'PAYMENT'),(165,55,52,'2024-10-10 21:13:12',0,72,161,'PAYMENT'),(166,55,53,'2024-10-10 21:13:12',0,72,161,'PAYMENT'),(167,55,55,'2024-10-10 21:13:12',1,72,161,'PAYMENT'),(168,55,54,'2024-10-10 21:13:12',0,72,161,'PAYMENT'),(169,53,52,'2024-10-10 21:13:32',0,40,164,'PAYMENT'),(170,53,53,'2024-10-10 21:13:32',0,40,164,'PAYMENT'),(171,53,55,'2024-10-10 21:13:32',1,40,164,'PAYMENT'),(172,53,54,'2024-10-10 21:13:32',0,40,164,'PAYMENT'),(173,53,56,'2024-10-10 21:13:33',0,40,164,'PAYMENT'),(174,55,52,'2024-10-10 21:13:48',0,22,162,'PAYMENT'),(175,55,53,'2024-10-10 21:13:48',0,22,162,'PAYMENT'),(176,55,55,'2024-10-10 21:13:48',1,22,162,'PAYMENT'),(177,55,54,'2024-10-10 21:13:48',0,22,162,'PAYMENT'),(178,55,56,'2024-10-10 21:13:48',0,22,162,'PAYMENT'),(179,52,52,'2024-10-10 21:13:51',0,8000,161,'PAYMENT'),(180,52,53,'2024-10-10 21:13:51',0,8000,161,'PAYMENT'),(181,52,55,'2024-10-10 21:13:51',1,8000,161,'PAYMENT'),(182,52,54,'2024-10-10 21:13:51',0,8000,161,'PAYMENT'),(183,52,56,'2024-10-10 21:13:51',0,8000,161,'PAYMENT'),(184,52,52,'2024-10-10 21:14:11',0,3414,161,'PAYMENT'),(185,52,53,'2024-10-10 21:14:11',0,3414,161,'PAYMENT'),(186,52,55,'2024-10-10 21:14:11',1,3414,161,'PAYMENT'),(187,52,54,'2024-10-10 21:14:11',0,3414,161,'PAYMENT'),(188,52,56,'2024-10-10 21:14:11',0,3414,161,'PAYMENT'),(189,52,52,'2024-10-10 21:14:28',0,140866,161,'PAYMENT'),(190,52,53,'2024-10-10 21:14:28',0,140866,161,'PAYMENT'),(191,52,55,'2024-10-10 21:14:28',1,140866,161,'PAYMENT'),(192,52,54,'2024-10-10 21:14:28',0,140866,161,'PAYMENT'),(193,52,56,'2024-10-10 21:14:28',0,140866,161,'PAYMENT'),(194,52,52,'2024-10-10 21:14:38',0,40,164,'PAYMENT'),(195,52,53,'2024-10-10 21:14:38',0,40,164,'PAYMENT'),(196,52,55,'2024-10-10 21:14:38',1,40,164,'PAYMENT'),(197,52,54,'2024-10-10 21:14:38',0,40,164,'PAYMENT'),(198,52,56,'2024-10-10 21:14:38',0,40,164,'PAYMENT'),(199,52,52,'2024-10-10 21:14:50',0,10,163,'PAYMENT'),(200,52,53,'2024-10-10 21:14:50',0,10,163,'PAYMENT'),(201,52,55,'2024-10-10 21:14:50',1,10,163,'PAYMENT'),(202,52,54,'2024-10-10 21:14:50',0,10,163,'PAYMENT'),(203,52,56,'2024-10-10 21:14:50',0,10,163,'PAYMENT'),(204,52,52,'2024-10-10 21:15:02',0,22,162,'PAYMENT'),(205,52,53,'2024-10-10 21:15:02',0,22,162,'PAYMENT'),(206,52,55,'2024-10-10 21:15:02',1,22,162,'PAYMENT'),(207,52,54,'2024-10-10 21:15:02',0,22,162,'PAYMENT'),(208,52,56,'2024-10-10 21:15:02',0,22,162,'PAYMENT'),(209,52,52,'2024-10-10 21:15:20',0,100367,161,'PAYMENT'),(210,52,53,'2024-10-10 21:15:20',0,100367,161,'PAYMENT'),(211,52,55,'2024-10-10 21:15:20',1,100367,161,'PAYMENT'),(212,52,54,'2024-10-10 21:15:20',0,100367,161,'PAYMENT'),(213,52,56,'2024-10-10 21:15:20',0,100367,161,'PAYMENT');
/*!40000 ALTER TABLE `notifications` ENABLE KEYS */;
UNLOCK TABLES;

--
-- Table structure for table `payments`
--

DROP TABLE IF EXISTS `payments`;
/*!40101 SET @saved_cs_client     = @@character_set_client */;
/*!50503 SET character_set_client = utf8mb4 */;
CREATE TABLE `payments` (
  `pay_id` bigint NOT NULL AUTO_INCREMENT,
  `user_id` bigint NOT NULL,
  `account_id` bigint DEFAULT NULL,
  `merchant_id` bigint DEFAULT NULL,
  `transaction_id` varchar(100) NOT NULL,
  `payment_date` timestamp NULL DEFAULT NULL,
  `krw_amount` bigint DEFAULT NULL,
  `foreign_amount` double DEFAULT NULL,
  `payment_status` enum('SUCCESS','CANCEL','EXPIRED','PASSWORD_ERROR','BALANCE_ERROR','PENDING') NOT NULL DEFAULT 'PENDING',
  `password_error_count` int NOT NULL DEFAULT '0',
  PRIMARY KEY (`pay_id`),
  UNIQUE KEY `transaction_id` (`transaction_id`),
  KEY `user_id` (`user_id`),
  KEY `account_id` (`account_id`),
  KEY `merchant_id` (`merchant_id`),
  CONSTRAINT `payments_ibfk_1` FOREIGN KEY (`user_id`) REFERENCES `users` (`user_id`),
  CONSTRAINT `payments_ibfk_2` FOREIGN KEY (`account_id`) REFERENCES `accounts` (`account_id`),
  CONSTRAINT `payments_ibfk_3` FOREIGN KEY (`merchant_id`) REFERENCES `merchants` (`merchant_id`)
) ENGINE=InnoDB AUTO_INCREMENT=79 DEFAULT CHARSET=utf8mb4 COLLATE=utf8mb4_0900_ai_ci;
/*!40101 SET character_set_client = @saved_cs_client */;

--
-- Dumping data for table `payments`
--

LOCK TABLES `payments` WRITE;
/*!40000 ALTER TABLE `payments` DISABLE KEYS */;
INSERT INTO `payments` VALUES (2,31,115,11,'4238bef2-dee8-4c71-b045-f5123ca9c2db','2024-10-07 12:59:33',8000,NULL,'CANCEL',0),(5,31,115,11,'4edc560f-f159-46f5-9fb3-c9e8cf642cee','2024-10-07 13:14:33',8000,NULL,'CANCEL',0),(6,31,117,11,'306de79c-58a1-46b7-b020-a3d1cc5503fe','2024-10-08 09:53:13',8000,NULL,'CANCEL',0),(7,31,117,11,'3ecc1567-89c5-4f0e-8705-c074829ab609','2024-10-08 09:54:48',8000,NULL,'CANCEL',0),(8,31,117,11,'4979eb89-7465-4521-96f2-43c03da1c28b','2024-10-08 10:16:18',8000,NULL,'CANCEL',0),(9,31,117,11,'a6e0b91c-6e9e-43da-96c5-e63bef815f48','2024-10-08 13:55:15',8000,NULL,'SUCCESS',0),(10,31,117,13,'a154af47-5a6e-4215-9bc2-5744f6bdc4e5','2024-10-08 14:06:33',3440783,3780,'CANCEL',0),(11,31,117,15,'15f08ca5-1092-4d6a-a1d1-114db1b422c3','2024-10-08 14:09:22',709498,480,'CANCEL',0),(12,35,129,13,'43d3d91f-4556-4007-b916-4748190632a7','2024-10-09 12:11:49',34408,3780,'CANCEL',0),(13,43,138,11,'791db73a-3291-4dad-8ae0-7c3b3e97a9ea','2024-10-09 21:22:58',8000,NULL,'SUCCESS',0),(14,43,138,11,'185c67d7-f15c-436f-a7b7-6be6fdb457d8','2024-10-09 21:25:44',8000,NULL,'CANCEL',0),(15,43,138,16,'d5d50c0e-9333-437c-ae2f-49e5d553cb89','2024-10-09 22:25:08',13000000,10000,'PENDING',2),(16,43,138,11,'de1b133b-650e-4807-b9bb-9039c2375656','2024-10-09 22:26:51',8000000,NULL,'PENDING',0),(17,43,138,11,'59c56b37-396b-47e8-ad8f-48616a563957','2024-10-09 23:36:21',8000,NULL,'CANCEL',0),(18,43,138,11,'dbd69d28-c05e-432a-b0cb-005750607acd','2024-10-10 01:13:16',8000,NULL,'CANCEL',0),(19,35,129,11,'5012dd59-aca6-4bdf-a442-2e616528fa57','2024-10-10 10:07:19',8000,NULL,'SUCCESS',0),(20,43,138,11,'472cd3ec-90db-4cfc-94a8-a7bdfc982bde','2024-10-10 10:45:37',8000,NULL,'SUCCESS',0),(21,43,138,17,'5325e33b-2ac1-4bf3-9f81-99bc89e0a4f7','2024-10-10 11:33:27',9830,10,'CANCEL',0),(22,43,138,17,'8c758425-3756-49c8-8a8a-383bed28ec46','2024-10-10 11:37:10',9830,10,'CANCEL',0),(23,43,138,17,'1ebbb490-a169-4a39-a951-372c3d011d50','2024-10-10 11:38:23',9830,10,'CANCEL',0),(25,43,138,17,'bb7c9648-ce26-4df4-b275-282637ca4973','2024-10-10 13:11:03',9830,10,'PENDING',0),(26,43,138,17,'e46a0563-3793-4785-8e43-245a4d876a9c','2024-10-10 14:38:33',9830,10,'CANCEL',0),(27,43,138,17,'047f190d-3a16-4399-b051-349573fd10be','2024-10-10 14:38:41',9830,NULL,'CANCEL',0),(28,43,138,17,'68a428cb-7a24-422d-9008-fb75afb9884f','2024-10-10 14:39:08',9830,10,'CANCEL',0),(29,43,138,17,'98d87936-89d3-4fb2-859c-37a5a144e961','2024-10-10 14:39:17',9830,NULL,'CANCEL',0),(30,35,129,17,'1f9e70ae-04d3-4de1-8bce-ad84513647b1','2024-10-10 14:40:30',9830,10,'CANCEL',1),(31,35,129,17,'80a5c33b-663a-4067-a6f5-eb7b749f26f5','2024-10-10 14:40:38',9830,NULL,'CANCEL',0),(32,35,129,17,'714dc3a3-28c9-4f67-9f7b-d34911807e4c','2024-10-10 14:41:08',9830,10,'CANCEL',1),(33,35,129,17,'051d6da4-1dfc-4ab7-8905-29e803dc430e','2024-10-10 14:41:21',9830,NULL,'CANCEL',0),(34,35,129,17,'88c9de94-eb29-4be2-8507-415e78e9175e','2024-10-10 14:42:19',9830,10,'CANCEL',0),(35,43,138,17,'07eb720d-23d7-4243-9d63-e6de5fde1c53','2024-10-10 14:46:26',9830,10,'CANCEL',0),(36,43,138,17,'f986a9cd-3c25-415e-bb71-1541f7250f98','2024-10-10 14:49:27',9830,10,'SUCCESS',1),(37,43,138,11,'d2dd3bf4-645b-42ef-9d3c-492aa69ed9a5','2024-10-10 14:51:19',8000,NULL,'PENDING',1),(38,35,129,17,'0e0407ea-bea1-4ddd-bc38-fbc6b5660fee','2024-10-10 15:15:30',9830,10,'SUCCESS',0),(39,35,129,13,'d1030583-ff38-466d-aa24-15feee37586a','2024-10-10 15:16:07',34136,3780,'CANCEL',0),(40,35,129,13,'3c5eb0d2-3498-4973-b6f2-1f721a15fe92','2024-10-10 15:20:56',34136,3780,'PENDING',0),(41,35,129,13,'42a87b6c-e746-4dc7-9710-3495627f090a','2024-10-10 15:29:13',34136,3780,'SUCCESS',0),(42,35,129,13,'afb667ec-a2b9-4c54-a9d4-1f1d270752f9','2024-10-10 15:36:26',3414,378,'SUCCESS',0),(43,43,138,13,'6dad4535-c7fd-4ae5-b14f-93c60d8e8675','2024-10-10 16:17:35',3414,378,'SUCCESS',1),(44,50,149,15,'7b7c40bb-a731-4487-899f-5746a385aa12','2024-10-10 16:35:50',707789,480,'SUCCESS',0),(45,50,149,11,'54f18b91-3d17-4504-b3ef-f477d779846b','2024-10-10 16:36:38',8000,NULL,'SUCCESS',0),(46,50,149,17,'5d8b98e0-a8c4-49cc-a5d6-986501245b46','2024-10-10 16:38:56',9830,10,'SUCCESS',0),(47,50,147,15,'cc76c50e-3135-4326-b44f-082ce760f1eb','2024-10-10 17:11:51',707789,480,'CANCEL',0),(48,50,147,15,'07268a91-1fd8-4335-8a6b-d3f864d26198','2024-10-10 17:33:58',707789,480,'CANCEL',0),(49,50,149,15,'a88fb1d8-2dad-4659-82d4-9252ff19661e','2024-10-10 17:35:28',707789,480,'SUCCESS',0),(50,50,149,15,'a45a65fd-7d87-4d04-816b-89a94d074549','2024-10-10 17:35:50',707789,480,'SUCCESS',0),(51,35,129,15,'9d03cb14-422a-41cd-8f32-99018ae48a24','2024-10-10 17:56:49',707789,480,'CANCEL',0),(52,35,129,18,'1aef71b3-9717-4d0e-973d-24f2528cd539','2024-10-10 17:57:30',58982,40,'CANCEL',0),(53,35,129,18,'4a0a7d2e-1fe1-4cea-898c-75b7bd8301c4','2024-10-10 17:58:04',58982,40,'SUCCESS',0),(54,35,129,18,'f361f4b9-6e2f-4e07-a932-866689fa6138','2024-10-10 18:17:54',58982,40,'SUCCESS',0),(55,41,138,13,'31a1ec95-e60b-48c7-94cc-e7415836a09e','2024-10-10 18:19:03',3414,378,'CANCEL',0),(56,41,138,13,'9fb459b5-dab1-4752-8a73-9d17029b6955','2024-10-10 18:19:20',3414,378,'SUCCESS',0),(57,41,138,13,'4c110d65-0771-4b2d-b8fe-0f8f7e274f37','2024-10-10 18:21:12',3414,378,'SUCCESS',0),(58,41,138,13,'ef7466e9-fa7f-4fa3-b18e-50141a514c0e','2024-10-10 18:21:49',3414,378,'CANCEL',0),(59,41,138,13,'f9ce0afc-b172-4250-9e93-9dd4edd4680b','2024-10-10 18:22:01',3414,378,'SUCCESS',0),(60,41,138,11,'53a5ab0c-acdf-45fe-a49e-0ea83eaa7325','2024-10-10 18:25:21',8000,NULL,'SUCCESS',0),(61,43,138,17,'ae828833-be72-4448-be76-64eb48125edc','2024-10-10 20:18:57',9830,10,'CANCEL',1),(62,43,138,17,'486b35a9-b0ec-45a7-ad75-b2de1a3ecc00','2024-10-10 20:19:31',9830,10,'SUCCESS',0),(63,43,138,16,'8e88322f-b698-4d5d-aa34-8f150c82d6a0','2024-10-10 20:33:51',100367,57,'SUCCESS',0),(64,55,161,20,'5cfd33ff-69cd-4c10-9fcf-a1a8cd984452','2024-10-10 21:11:33',40434,30,'CANCEL',0),(65,53,161,20,'bc8d1bf7-0e82-4fdc-a1c5-1dbd532137e9','2024-10-10 21:11:56',40434,30,'CANCEL',0),(66,55,161,11,'24c7e9e2-6fe0-4711-8c69-d0c6b734888f','2024-10-10 21:12:08',8000,NULL,'SUCCESS',0),(67,53,161,11,'24f41381-7951-4295-89d2-849feeb9333c','2024-10-10 21:12:45',8000,NULL,'SUCCESS',0),(68,55,161,21,'338ac197-de4f-41ca-afa6-fc4eb7d4a556','2024-10-10 21:12:50',72,8,'SUCCESS',0),(69,53,161,18,'1fad6242-baf0-44a9-80a7-5ebe4564bde6','2024-10-10 21:13:26',58982,40,'SUCCESS',0),(70,55,161,14,'6d781ce1-0c76-4cbb-b4ab-fb1dc67c0f0b','2024-10-10 21:13:43',29652,22,'SUCCESS',0),(71,52,161,11,'1d077400-bc0c-432f-b6a4-19897117e834','2024-10-10 21:13:43',8000,NULL,'SUCCESS',0),(72,52,161,13,'b5e4ce46-65cb-4800-b6cf-5f93d51608d2','2024-10-10 21:14:05',3414,378,'SUCCESS',0),(73,52,161,19,'8c6187db-b7ed-42c9-adf6-b3232f61674a','2024-10-10 21:14:22',140866,80,'SUCCESS',0),(74,52,161,18,'5306a861-804f-489f-938f-76ca9daaeaf1','2024-10-10 21:14:34',58982,40,'SUCCESS',0),(75,52,161,17,'7c9e8ede-7f01-4747-acf1-b09e73c57662','2024-10-10 21:14:45',9830,10,'SUCCESS',0),(76,52,161,14,'4e3dd397-72c0-4669-97d0-b5d62683a379','2024-10-10 21:14:58',29652,22,'SUCCESS',0),(77,52,161,20,'2962f2a8-f811-49ed-9e67-579def01a9e3','2024-10-10 21:15:10',40434,30,'CANCEL',0),(78,52,161,16,'5dd90fd0-c53b-4780-b658-b1f6db927bfc','2024-10-10 21:15:15',100367,57,'SUCCESS',0);
/*!40000 ALTER TABLE `payments` ENABLE KEYS */;
UNLOCK TABLES;

--
-- Table structure for table `payout`
--

DROP TABLE IF EXISTS `payout`;
/*!40101 SET @saved_cs_client     = @@character_set_client */;
/*!50503 SET character_set_client = utf8mb4 */;
CREATE TABLE `payout` (
  `payout_id` bigint NOT NULL AUTO_INCREMENT,
  `merchant_id` bigint NOT NULL,
  `status` enum('SUCCESS','FAILED','PENDING') NOT NULL DEFAULT 'PENDING',
  PRIMARY KEY (`payout_id`),
  KEY `merchant_id` (`merchant_id`),
  CONSTRAINT `payout_ibfk_1` FOREIGN KEY (`merchant_id`) REFERENCES `merchants` (`merchant_id`)
) ENGINE=InnoDB DEFAULT CHARSET=utf8mb4 COLLATE=utf8mb4_0900_ai_ci;
/*!40101 SET character_set_client = @saved_cs_client */;

--
-- Dumping data for table `payout`
--

LOCK TABLES `payout` WRITE;
/*!40000 ALTER TABLE `payout` DISABLE KEYS */;
/*!40000 ALTER TABLE `payout` ENABLE KEYS */;
UNLOCK TABLES;

--
-- Table structure for table `refresh_token`
--

DROP TABLE IF EXISTS `refresh_token`;
/*!40101 SET @saved_cs_client     = @@character_set_client */;
/*!50503 SET character_set_client = utf8mb4 */;
CREATE TABLE `refresh_token` (
  `token_id` bigint NOT NULL AUTO_INCREMENT,
  `refresh_token` varchar(512) NOT NULL,
  `user_id` bigint NOT NULL,
  `email` varchar(100) NOT NULL,
  PRIMARY KEY (`token_id`),
  UNIQUE KEY `UKf95ixxe7pa48ryn1awmh2evt7` (`user_id`)
) ENGINE=InnoDB AUTO_INCREMENT=26 DEFAULT CHARSET=utf8mb4 COLLATE=utf8mb4_0900_ai_ci;
/*!40101 SET character_set_client = @saved_cs_client */;

--
-- Dumping data for table `refresh_token`
--

LOCK TABLES `refresh_token` WRITE;
/*!40000 ALTER TABLE `refresh_token` DISABLE KEYS */;
INSERT INTO `refresh_token` VALUES (1,'eyJ0eXAiOiJKV1QiLCJhbGciOiJIUzI1NiJ9.eyJpc3MiOiJ5aHloIiwiaWF0IjoxNzI4NTQxODU0LCJleHAiOjE3MjkxNDY2NTQsInN1YiI6InRlc3QxQGRhdW0ubmV0IiwidHlwZSI6InJlZnJlc2gifQ.8gKlEQmgGIjWU9Y2pudlQo7uoKUq65pQKBVaOsmWg48',29,'test1@daum.net'),(2,'eyJ0eXAiOiJKV1QiLCJhbGciOiJIUzI1NiJ9.eyJpc3MiOiJ5aHloIiwiaWF0IjoxNzI4MzY0OTI0LCJleHAiOjE3Mjg5Njk3MjQsInN1YiI6Im1pbmNoYWVAbmF2ZXIuY29tIiwidHlwZSI6InJlZnJlc2gifQ.OhKXtgjg0g4DoLjwm10bekQ9wGIom6nwPRB0gVT0jGY',30,'minchae@naver.com'),(3,'eyJ0eXAiOiJKV1QiLCJhbGciOiJIUzI1NiJ9.eyJpc3MiOiJ5aHloIiwiaWF0IjoxNzI4NTI2ODY2LCJleHAiOjE3MjkxMzE2NjYsInN1YiI6InFrcnRwcmpzQG5hdmVyLmNvbSIsInR5cGUiOiJyZWZyZXNoIn0.MZg3eV4QnSYMp_IVy-bnU2zNo_G1wa0Jx9hXA-IB3Sg',32,'qkrtprjs@naver.com'),(4,'eyJ0eXAiOiJKV1QiLCJhbGciOiJIUzI1NiJ9.eyJpc3MiOiJ5aHloIiwiaWF0IjoxNzI4Mzc5NDgwLCJleHAiOjE3Mjg5ODQyODAsInN1YiI6InRlc3R0ZXN0dGVzdDVAc3NhZnkuY29tIiwidHlwZSI6InJlZnJlc2gifQ.LxW983fSfovUSh8O7Faw-w-OPksXsh-mrsX-LIzoafs',31,'testtesttest5@ssafy.com'),(5,'eyJ0eXAiOiJKV1QiLCJhbGciOiJIUzI1NiJ9.eyJpc3MiOiJ5aHloIiwiaWF0IjoxNzI4MzExMTE3LCJleHAiOjE3Mjg5MTU5MTcsInN1YiI6ImFiY2QyQG5hdmVyLmNvbSIsInR5cGUiOiJyZWZyZXNoIn0.rkYJMsQEhyPytd_PS2DS6jF6pf1U-dB4n6jQ3sIM_2E',33,'abcd2@naver.com'),(6,'eyJ0eXAiOiJKV1QiLCJhbGciOiJIUzI1NiJ9.eyJpc3MiOiJ5aHloIiwiaWF0IjoxNzI4MzYyMjM5LCJleHAiOjE3Mjg5NjcwMzksInN1YiI6ImFsc2NvQGdtYWlsLmNvbSIsInR5cGUiOiJyZWZyZXNoIn0.zjQAR90ZBvBOF5Pe4Jnq4eRWJQHhwd0ifsnuEKbzo5s',34,'alsco@gmail.com'),(7,'eyJ0eXAiOiJKV1QiLCJhbGciOiJIUzI1NiJ9.eyJpc3MiOiJ5aHloIiwiaWF0IjoxNzI4NTQxODIwLCJleHAiOjE3MjkxNDY2MjAsInN1YiI6InNzYWZ5dGVzdEBkYXVtLm5ldCIsInR5cGUiOiJyZWZyZXNoIn0.q69IUTvvL0nQ0bqVIjWHxag0qZ6RvrTtPXmD1alErF0',35,'ssafytest@daum.net'),(8,'eyJ0eXAiOiJKV1QiLCJhbGciOiJIUzI1NiJ9.eyJpc3MiOiJ5aHloIiwiaWF0IjoxNzI4NDMzNTI1LCJleHAiOjE3MjkwMzgzMjUsInN1YiI6ImFiY2QzQG5hdmVyLmNvbSIsInR5cGUiOiJyZWZyZXNoIn0.349HSeyeakby8i4JPNoAU1HugKHsOIbS3snk1q_gPNg',38,'abcd3@naver.com'),(9,'eyJ0eXAiOiJKV1QiLCJhbGciOiJIUzI1NiJ9.eyJpc3MiOiJ5aHloIiwiaWF0IjoxNzI4NDQzMzk1LCJleHAiOjE3MjkwNDgxOTUsInN1YiI6InFhendzeDEyM0BuYXZlci5jb20iLCJ0eXBlIjoicmVmcmVzaCJ9.ijkfdp2E-N79JH6BUSvMNeHOWXHeL58D5N7cdGCHcU0',39,'qazwsx123@naver.com'),(10,'eyJ0eXAiOiJKV1QiLCJhbGciOiJIUzI1NiJ9.eyJpc3MiOiJ5aHloIiwiaWF0IjoxNzI4NjA1ODEzLCJleHAiOjE3MjkyMTA2MTMsInN1YiI6ImJpbmlAbmF2ZXIuY29tIiwidHlwZSI6InJlZnJlc2gifQ.9hNIf0TeojH-cVGi8OmRC14d9DhY2PHsjsK4X44lssk',40,'bini@naver.com'),(11,'eyJ0eXAiOiJKV1QiLCJhbGciOiJIUzI1NiJ9.eyJpc3MiOiJ5aHloIiwiaWF0IjoxNzI4NjA1NjIxLCJleHAiOjE3MjkyMTA0MjEsInN1YiI6InRlc3Q3N0BnbWFpbC5jb20iLCJ0eXBlIjoicmVmcmVzaCJ9.3UisWu0v5WRLswaGWrr40qrKZMF_KbbASQeSKPc_Mis',41,'test77@gmail.com'),(12,'eyJ0eXAiOiJKV1QiLCJhbGciOiJIUzI1NiJ9.eyJpc3MiOiJ5aHloIiwiaWF0IjoxNzI4NjAzNTkyLCJleHAiOjE3MjkyMDgzOTIsInN1YiI6InJsYWFsc2NvQGRhdW0ubmV0IiwidHlwZSI6InJlZnJlc2gifQ.--cMkqqWtJ7-UmCXhwCa75LmSfgAuy3H-MK9R6pQV4Y',43,'rlaalsco@daum.net'),(13,'eyJ0eXAiOiJKV1QiLCJhbGciOiJIUzI1NiJ9.eyJpc3MiOiJ5aHloIiwiaWF0IjoxNzI4NTM4NzcxLCJleHAiOjE3MjkxNDM1NzEsInN1YiI6InJsYWNscmxhY2xAbmF2ZXIuY29tIiwidHlwZSI6InJlZnJlc2gifQ.v5HUIOLX7KDq4a7NishTgqq-S2OMd7UNgVKlCmd50V0',44,'rlaclrlacl@naver.com'),(14,'eyJ0eXAiOiJKV1QiLCJhbGciOiJIUzI1NiJ9.eyJpc3MiOiJ5aHloIiwiaWF0IjoxNzI4NDkzODQ2LCJleHAiOjE3MjkwOTg2NDYsInN1YiI6InNkZkBnbWFpbC5jb20iLCJ0eXBlIjoicmVmcmVzaCJ9.Lgf6rtO8aMPZvjrxtkWYinIuC1ZusePiPOkq8VEQo4o',45,'sdf@gmail.com'),(16,'eyJ0eXAiOiJKV1QiLCJhbGciOiJIUzI1NiJ9.eyJpc3MiOiJ5aHloIiwiaWF0IjoxNzI4NTAwNzI4LCJleHAiOjE3MjkxMDU1MjgsInN1YiI6Inlvb25kb25nQGdtYWlsLmNvbSIsInR5cGUiOiJyZWZyZXNoIn0.YhXFok8R8mm-LMmN9AdCcv78CwbsqukZ3FOO96_jAjw',47,'yoondong@gmail.com'),(17,'eyJ0eXAiOiJKV1QiLCJhbGciOiJIUzI1NiJ9.eyJpc3MiOiJ5aHloIiwiaWF0IjoxNzI4NTAzOTEwLCJleHAiOjE3MjkxMDg3MTAsInN1YiI6ImJlYW5pQG5hdmVyLmNvbSIsInR5cGUiOiJyZWZyZXNoIn0.5ox5uc7S_duCpwenw8imFoMpSQDXNXTBsaursri-Zcs',46,'beani@naver.com'),(18,'eyJ0eXAiOiJKV1QiLCJhbGciOiJIUzI1NiJ9.eyJpc3MiOiJ5aHloIiwiaWF0IjoxNzI4NTM2NDcxLCJleHAiOjE3MjkxNDEyNzEsInN1YiI6InRlc3Q2MDRAZ21haWwuY29tIiwidHlwZSI6InJlZnJlc2gifQ.m-CwjVR7xgLWUnfLX3GtKhDkNY2vtNr_9LWyJhfWL1c',49,'test604@gmail.com'),(19,'eyJ0eXAiOiJKV1QiLCJhbGciOiJIUzI1NiJ9.eyJpc3MiOiJ5aHloIiwiaWF0IjoxNzI4NTQ1MjMyLCJleHAiOjE3MjkxNTAwMzIsInN1YiI6InRlc3R0dHR0MTFAbmF2ZXIuY29tIiwidHlwZSI6InJlZnJlc2gifQ.DLf_vr5X1tmJ1zwlbDglYJxGJOyIS-ovkixoEfnP4nQ',50,'testtttt11@naver.com'),(20,'eyJ0eXAiOiJKV1QiLCJhbGciOiJIUzI1NiJ9.eyJpc3MiOiJ5aHloIiwiaWF0IjoxNzI4NTQ1MjkxLCJleHAiOjE3MjkxNTAwOTEsInN1YiI6InJsYWFsc2NvdGVzdEBkYXVtLm5ldCIsInR5cGUiOiJyZWZyZXNoIn0.UuFMqIze-__RH18pjVSYmP0EvuRhdG0Dy6dJaQFpV4g',51,'rlaalscotest@daum.net'),(21,'eyJ0eXAiOiJKV1QiLCJhbGciOiJIUzI1NiJ9.eyJpc3MiOiJ5aHloIiwiaWF0IjoxNzI4NjAzNzA3LCJleHAiOjE3MjkyMDg1MDcsInN1YiI6ImFsc2NvdGVzdEBuYXZlci5jb20iLCJ0eXBlIjoicmVmcmVzaCJ9.ABeqxM4Fppph9xXliUA4O2t2I95lMl_7DkiXTETNX1g',52,'alscotest@naver.com'),(22,'eyJ0eXAiOiJKV1QiLCJhbGciOiJIUzI1NiJ9.eyJpc3MiOiJ5aHloIiwiaWF0IjoxNzI4NTYxMzE1LCJleHAiOjE3MjkxNjYxMTUsInN1YiI6InF3ZXJhMTk5N0BuYXZlci5jb20iLCJ0eXBlIjoicmVmcmVzaCJ9.zijA9UgMNPeHkNCTItbLs1OyfStUSNp7VgVMOluXLDg',53,'qwera1997@naver.com'),(23,'eyJ0eXAiOiJKV1QiLCJhbGciOiJIUzI1NiJ9.eyJpc3MiOiJ5aHloIiwiaWF0IjoxNzI4NTYxODI3LCJleHAiOjE3MjkxNjY2MjcsInN1YiI6InFrcnRwcmpzNDU2QGdtYWlsLmNvbSIsInR5cGUiOiJyZWZyZXNoIn0.aLV4ndK6uXAjvKa52UymExE0PG1YTTK3GY3QB2oK5mY',54,'qkrtprjs456@gmail.com'),(24,'eyJ0eXAiOiJKV1QiLCJhbGciOiJIUzI1NiJ9.eyJpc3MiOiJ5aHloIiwiaWF0IjoxNzI4NTYxODUyLCJleHAiOjE3MjkxNjY2NTIsInN1YiI6InN1aGhlQG5hdmVyLmNvbSIsInR5cGUiOiJyZWZyZXNoIn0.I2Vy1z4eWtFO0E6PznB-5aKppf0L4IRwuIjIazLuCMw',55,'suhhe@naver.com'),(25,'eyJ0eXAiOiJKV1QiLCJhbGciOiJIUzI1NiJ9.eyJpc3MiOiJ5aHloIiwiaWF0IjoxNzI4NTYxOTUxLCJleHAiOjE3MjkxNjY3NTEsInN1YiI6InJsYWRsc3RsZjRAZ21haWwuY29tIiwidHlwZSI6InJlZnJlc2gifQ.o5wD-_fvifrzXSSKWGFzf6iBIbZGuApH9hkzF9hR7ro',56,'rladlstlf4@gmail.com');
/*!40000 ALTER TABLE `refresh_token` ENABLE KEYS */;
UNLOCK TABLES;

--
-- Table structure for table `user_accounts`
--

DROP TABLE IF EXISTS `user_accounts`;
/*!40101 SET @saved_cs_client     = @@character_set_client */;
/*!50503 SET character_set_client = utf8mb4 */;
CREATE TABLE `user_accounts` (
  `user_account_id` bigint NOT NULL AUTO_INCREMENT,
  `user_id` bigint NOT NULL,
  `account_id` bigint NOT NULL,
  `role` enum('ADMIN','PAYER','NONE_PAYER') NOT NULL,
  PRIMARY KEY (`user_account_id`),
  KEY `user_id` (`user_id`),
  KEY `account_id` (`account_id`),
  CONSTRAINT `user_accounts_ibfk_1` FOREIGN KEY (`user_id`) REFERENCES `users` (`user_id`),
  CONSTRAINT `user_accounts_ibfk_2` FOREIGN KEY (`account_id`) REFERENCES `accounts` (`account_id`)
) ENGINE=InnoDB AUTO_INCREMENT=83 DEFAULT CHARSET=utf8mb4 COLLATE=utf8mb4_0900_ai_ci;
/*!40101 SET character_set_client = @saved_cs_client */;

--
-- Dumping data for table `user_accounts`
--

LOCK TABLES `user_accounts` WRITE;
/*!40000 ALTER TABLE `user_accounts` DISABLE KEYS */;
INSERT INTO `user_accounts` VALUES (1,31,115,'ADMIN'),(2,30,116,'ADMIN'),(3,31,117,'ADMIN'),(10,30,117,'PAYER'),(12,31,118,'ADMIN'),(13,31,119,'ADMIN'),(14,31,120,'ADMIN'),(15,31,121,'ADMIN'),(16,31,122,'ADMIN'),(17,31,123,'ADMIN'),(18,31,124,'ADMIN'),(19,31,125,'ADMIN'),(20,31,126,'ADMIN'),(21,31,127,'ADMIN'),(22,35,128,'ADMIN'),(23,35,129,'ADMIN'),(24,31,129,'PAYER'),(25,30,129,'NONE_PAYER'),(26,33,129,'PAYER'),(27,29,129,'NONE_PAYER'),(29,35,130,'ADMIN'),(30,35,131,'ADMIN'),(31,35,132,'ADMIN'),(32,40,133,'ADMIN'),(33,41,134,'ADMIN'),(34,43,135,'ADMIN'),(35,43,136,'ADMIN'),(36,44,137,'ADMIN'),(37,41,138,'ADMIN'),(38,43,138,'PAYER'),(39,29,138,'NONE_PAYER'),(40,44,138,'NONE_PAYER'),(41,41,139,'ADMIN'),(42,41,140,'ADMIN'),(43,41,141,'ADMIN'),(44,49,142,'ADMIN'),(45,49,143,'ADMIN'),(46,43,143,'NONE_PAYER'),(47,41,144,'ADMIN'),(48,40,145,'ADMIN'),(49,50,146,'ADMIN'),(50,50,147,'ADMIN'),(51,51,148,'ADMIN'),(52,50,149,'ADMIN'),(53,51,149,'NONE_PAYER'),(54,50,150,'ADMIN'),(55,50,151,'ADMIN'),(56,50,152,'ADMIN'),(57,50,153,'ADMIN'),(58,41,154,'ADMIN'),(59,41,155,'ADMIN'),(60,41,156,'ADMIN'),(61,43,157,'ADMIN'),(62,41,158,'ADMIN'),(63,53,159,'ADMIN'),(64,52,160,'ADMIN'),(65,52,161,'ADMIN'),(66,53,161,'PAYER'),(67,52,162,'ADMIN'),(68,52,163,'ADMIN'),(69,52,164,'ADMIN'),(70,55,161,'PAYER'),(71,55,162,'PAYER'),(72,55,163,'PAYER'),(73,55,164,'PAYER'),(74,55,165,'ADMIN'),(76,54,162,'PAYER'),(77,54,163,'PAYER'),(78,54,164,'PAYER'),(79,56,161,'NONE_PAYER'),(80,56,162,'NONE_PAYER'),(81,56,163,'NONE_PAYER'),(82,56,164,'NONE_PAYER');
/*!40000 ALTER TABLE `user_accounts` ENABLE KEYS */;
UNLOCK TABLES;

--
-- Table structure for table `users`
--

DROP TABLE IF EXISTS `users`;
/*!40101 SET @saved_cs_client     = @@character_set_client */;
/*!50503 SET character_set_client = utf8mb4 */;
CREATE TABLE `users` (
  `user_id` bigint NOT NULL AUTO_INCREMENT,
  `user_key` varchar(255) NOT NULL,
  `email` varchar(255) NOT NULL,
  `password` varchar(255) NOT NULL,
  `name` varchar(255) NOT NULL,
  `payment_account_id` bigint DEFAULT NULL,
  `main_account_id` bigint DEFAULT NULL,
  `authority` enum('ROLE_ADMIN','ROLE_USER') DEFAULT NULL,
  PRIMARY KEY (`user_id`),
  UNIQUE KEY `user_key` (`user_key`),
  UNIQUE KEY `email` (`email`),
  UNIQUE KEY `main_account_id` (`main_account_id`),
  KEY `payment_account_id` (`payment_account_id`),
  CONSTRAINT `users_ibfk_1` FOREIGN KEY (`main_account_id`) REFERENCES `accounts` (`account_id`),
  CONSTRAINT `users_ibfk_2` FOREIGN KEY (`payment_account_id`) REFERENCES `accounts` (`account_id`)
) ENGINE=InnoDB AUTO_INCREMENT=57 DEFAULT CHARSET=utf8mb4 COLLATE=utf8mb4_0900_ai_ci;
/*!40101 SET character_set_client = @saved_cs_client */;

--
-- Dumping data for table `users`
--

LOCK TABLES `users` WRITE;
/*!40000 ALTER TABLE `users` DISABLE KEYS */;
INSERT INTO `users` VALUES (-1,'ssafy','ssafy@ssafy.com','ssafy','ssafy',NULL,NULL,NULL),(29,'d4eceeef-c021-4e57-9da8-789d2d2094d4','test1@daum.net','$2a$10$AyD3iB6dg/odDOcxkooqKuUVKfxpUvVUJ1lKm86xvMtvRPncjE5P.','육민우',NULL,NULL,NULL),(30,'09f6b90d-afff-438d-917e-3776ce27f139','minchae@naver.com','$2a$10$andBgkXHWyadwmRfUaWStewRXBKUkOBieFotPH6E7NkJv4zywKm/q','김민채',NULL,NULL,NULL),(31,'9c9f889b-5509-41a7-b6af-b4e83602aeb4','testtesttest5@ssafy.com','$2a$10$mL2EogFurcFnbfzmPxNjaOMXFaKPRGjFQxA0Bxeyjkc5noiyRAiC6','카리나',117,115,NULL),(32,'d5813612-e8b1-4105-b833-73ee21582b06','qkrtprjs@naver.com','$2a$10$2n6gvTegOB3D3by1qdChWetqEYQHMIEW0AusvJZFcz8gDRAbGQRsW','박세건',NULL,NULL,NULL),(33,'f174d0d2-fa58-44bc-829f-eb7b93d66636','abcd2@naver.com','$2a$10$.3m9jS60pIMUoGUxvtaSLOJEce2FB2/cnTqNBZxdPPJq7qqhWpd2q','김인실',NULL,NULL,NULL),(34,'fc9724da-2b09-4ce7-a110-3860d1b9d6a3','alsco@gmail.com','$2a$10$hkCIXKZXVrPjn7ZvRnFptOBp3HYHyKHovRQJZkPIZ.0ZlMKD0ZdoG','김민채',NULL,NULL,NULL),(35,'1e81e842-9037-44db-b72c-0f480665573c','ssafytest@daum.net','$2a$10$00YU4pUw.8L1z2WblqWN3.nEMw5dc6.vw8BWxP.d3T1kgJX/XG0l6','차은우',129,128,NULL),(36,'f1361112-55c2-4dce-b404-d475778f0cbd','swj05116@naver.com','$2a$10$CVWVmg4F6iaYNNcTcRKi5.o.tsd1klSabpAvKvIv6LebzBE3SHXpe','김기현',NULL,NULL,NULL),(37,'02627d88-6f7c-422c-afc2-4deeab46f427','kkkkk@gmail.com','$2a$10$Q1SKlC47AmCil8BfqtYR.uLpVVBLRuU4b2aol6ypLXiYEaWaGAwHu','김김김',NULL,NULL,NULL),(38,'5a757398-27aa-42f8-84d9-c73a54640175','abcd3@naver.com','$2a$10$n5T9CdewWz6mil.DbYSJUuBMYG95dILVARx17ifbsNJunVE5VV9le','김인실',NULL,NULL,NULL),(39,'a972e219-783b-4990-9da3-03d11203ce5f','qazwsx123@naver.com','$2a$10$jI3hPTU.dJYNRRCXRynb1eplvXJVZK5jfer1iIumd4b0dqr2sTto2','김기현',NULL,NULL,NULL),(40,'623ee9bc-c6dd-49e0-8963-67eab051bc43','bini@naver.com','$2a$10$iCHrEYoHZtqNmf1qxGI0Ue4cbYR2JlFGh/eOQOsVAmgXKluyy2kMG','김인실',133,133,NULL),(41,'83cf1b7b-80c5-4c01-a5ed-65c4433a9f1e','test77@gmail.com','$2a$10$ky0iN/Wg34DF4oTPNzLRVuAvdZNqePhF6fjUruvYi3811YZ9iL5RW','서희',138,134,NULL),(42,'d47148a3-c103-4c22-aeb3-faa72d59b816','tttest@gmail.com','$2a$10$BelhxJU8hdQ5iG0sIP9S4upmQG1KomRrH1.bMLfMZPslcL9wE2TSe','육민우짭',NULL,NULL,NULL),(43,'f112f443-64b4-46a0-bf91-09eded0e6637','rlaalsco@daum.net','$2a$10$..jI6HAb9qzhjwj9X3xZ9.KSPgY5R5t378KUaDpWsZWZeyZ5S1AzK','김민채',138,135,NULL),(44,'45ea8c9b-f9e4-4a37-b3ee-d4ea9d752b20','rlaclrlacl@naver.com','$2a$10$qbfMgb3kWgZOQqbuftgdN.m23a3UWzn09s0TpEAMLq/9SM7Ncn0g2','육민우짭',138,137,NULL),(45,'c00453f2-d3a6-4bfb-93bf-56eecb189841','sdf@gmail.com','$2a$10$vOpuTcGfEoNhjP7OabGyIOWeNaRXBC1K6Qhc8yMgafZz6O/yZATDe','gg',NULL,NULL,NULL),(46,'9ea96550-52d3-429e-ae45-b92908a74e16','beani@naver.com','$2a$10$7N5E9Qw94XNsAYXL0Ch1FO.bnG..dFFrGH5ZLtmsH9kPRu4dhiwJ2','김인실2',NULL,NULL,NULL),(47,'c69c09df-dfd0-4c17-94fc-52d726ef0c30','yoondong@gmail.com','$2a$10$AFUbMp8Wgg4gj/2qqS8e5.eP6627k6ezioAdIHprErwp.LTbHeGGW','김윤지(서울대표 AKA 권력의 중심)',NULL,NULL,NULL),(48,'b1538d02-33fb-4df6-9e96-8ef4dd634bf2','wogns264@gmail.com','$2a$10$DCH5s2ZfWhUuX0uCUALmKO4LrA.Q9FQ4BCnr/OxOnGuLWnJYUr7PG','김민채',NULL,NULL,NULL),(49,'4bc59abd-97ca-407f-a7ce-35aa12167052','test604@gmail.com','$2a$10$kuNtnphb5kkrt9mp4U21c.oXkatdEyv1VWyliF4FviRSzCSEPMyRu','남궁민',NULL,142,NULL),(50,'2fd7bd74-b3ad-4855-87ff-d48f77b5fc4b','testtttt11@naver.com','$2a$10$PtXhoNlHbgi8HGg48M5EyuQR3Bqtu35eN9L6o5S7Z3jzvkpoAd4tm','육민우짭2',149,146,NULL),(51,'27ef5571-4704-4581-a66e-1a5fa7536301','rlaalscotest@daum.net','$2a$10$LGmfcyAQwNIm/mBB6/4dmukGt584sWQFBbo5wWtVTCLK2Jivh.XCe','김민채짭2',NULL,148,NULL),(52,'0db24e95-555d-4292-8423-6572b22a3014','alscotest@naver.com','$2a$10$RBHHSvNQRORI22PPMqHZoeNSwQuV4BfDKdER9C6VQ1CoRQ8X2yznS','김민채',161,160,NULL),(53,'78277d2c-44ce-46df-b3cd-1a70d96d00cc','qwera1997@naver.com','$2a$10$2XPNaGo7h4eUFUZshG2LFOoUjpJi.JLaWEnIt7l.vzmHNaJKfX5Ye','육민우',161,159,NULL),(54,'908bc2e7-46ca-438f-b49b-3e9d3b86fed1','qkrtprjs456@gmail.com','$2a$10$DYql9jlX9qNA/fRfM/RMMuYIe18Uvyx3F8syAXNBVRhC5CVYFnT0q','박세건',161,NULL,NULL),(55,'d4773c63-a255-4930-8b10-a725fb9e8769','suhhe@naver.com','$2a$10$/VIoCsT2PSVKpQkSJkk/beoIawHI9Uj3oCDQAw1rwHg47PZN1QIHi','서희',161,165,NULL),(56,'8be1d05a-03a8-4a98-9642-2383562e2e00','rladlstlf4@gmail.com','$2a$10$r2RsXDO3x7nrDoYJkXBk5uOafqqwUiR2veQNASe1BNE.tEZdPsgpC','김인실',161,NULL,NULL);
/*!40000 ALTER TABLE `users` ENABLE KEYS */;
UNLOCK TABLES;
/*!40103 SET TIME_ZONE=@OLD_TIME_ZONE */;

/*!40101 SET SQL_MODE=@OLD_SQL_MODE */;
/*!40014 SET FOREIGN_KEY_CHECKS=@OLD_FOREIGN_KEY_CHECKS */;
/*!40014 SET UNIQUE_CHECKS=@OLD_UNIQUE_CHECKS */;
/*!40101 SET CHARACTER_SET_CLIENT=@OLD_CHARACTER_SET_CLIENT */;
/*!40101 SET CHARACTER_SET_RESULTS=@OLD_CHARACTER_SET_RESULTS */;
/*!40101 SET COLLATION_CONNECTION=@OLD_COLLATION_CONNECTION */;
/*!40111 SET SQL_NOTES=@OLD_SQL_NOTES */;

-- Dump completed on 2024-10-11  9:18:48
